{"cameraMode":{"drawMode":0,"name":"Shaded","section":"Shading Mode"},"sceneLighting":true,"audioPlay":false,"sceneViewState":{"m_AlwaysRefresh":false,"showFog":true,"showSkybox":true,"showFlares":true,"showImageEffects":true,"showParticleSystems":true,"showVisualEffectGraphs":true,"m_FxEnabled":true},"in2DMode":false,"pivot":{"x":-0.14410293102264405,"y":-0.3582659959793091,"z":2.475341558456421},"rotation":{"x":-0.12906542420387269,"y":0.7903146147727966,"z":-0.1784084141254425,"w":-0.5719100832939148},"size":1.7336446046829224,"orthographic":false}