{"cameraMode":{"drawMode":0,"name":"Shaded","section":"Shading Mode"},"sceneLighting":false,"audioPlay":false,"sceneViewState":{"m_AlwaysRefresh":false,"showFog":false,"showSkybox":false,"showFlares":false,"showImageEffects":false,"showParticleSystems":false,"showVisualEffectGraphs":true,"m_FxEnabled":true},"in2DMode":false,"pivot":{"x":-0.030430296435952188,"y":0.030491270124912263,"z":0.0030320612713694574},"rotation":{"x":0.34126803278923037,"y":-0.17312836647033692,"z":0.06415747851133347,"w":0.9217232465744019},"size":0.059105467051267627,"orthographic":false}