{"cameraMode":{"drawMode":0,"name":"Shaded","section":"Shading Mode"},"sceneLighting":false,"audioPlay":false,"sceneViewState":{"m_AlwaysRefresh":false,"showFog":true,"showSkybox":false,"showFlares":true,"showImageEffects":true,"showParticleSystems":true,"showVisualEffectGraphs":true,"m_FxEnabled":true},"in2DMode":false,"pivot":{"x":-0.014392495155334473,"y":0.2855793833732605,"z":-0.0012271404266357422},"rotation":{"x":-0.16730423271656037,"y":0.27628621459007265,"z":-0.04891075938940048,"w":-0.9451521635055542},"size":0.4706138074398041,"orthographic":false}